"Event","Incident","Request Type","Request Number","Date Requested","Priority","Purpose","Date Required","Date Required Until","Requester","Assigned To","Approved by","Requested for","Requested for Facility","Transportation Required","Security Required","Public","Date Delivered","Received by","Comments"
"Summer 2012 Forest Fires","Laurel Canyon Brush Fire","Inventory Items","LAUREL_CANYON*07_2012#01","2012-07-24 10:00:00","Medium","Provide refreshments to people coming to the Poinsettia Recreation Center Family Assistance Center to get information","2012-09-26 10:00:00","2012-09-26 20:00:00","Frank Bone","Joe Bloggs","Jeff Wayne","Curran Spencer","Koreatown/Wilshire District Office","T","T","F","07-26-2012 9:15:00",,
"Summer 2012 Forest Fires","Laurel Canyon Brush Fire","Inventory Items","LAUREL_CANYON*07_2012#02","2012-07-24 10:00:01","High","Transportation required","2012-09-25 10:00:01","2012-09-25 20:00:01","Frank Bone","Jeff Wayne","Joe Bloggs","Curran Spencer","Koreatown/Wilshire District Office","F","F","F",,,
"Summer 2012 Forest Fires","Laurel Canyon Brush Fire","Inventory Items","LAUREL_CANYON*07_2012#03","2012-07-24 10:00:02","Low","Additional water will be needed","2012-09-26 10:00:02","2012-09-26 20:00:02","Joe Bloggs","Jeff Wayne","Frank Bone","Curran Spencer","Koreatown/Wilshire District Office","F","F","F",,,
"Summer 2012 Forest Fires","Laurel Canyon Brush Fire","Volunteer","LAUREL_CANYON*07_2012#04","2012-07-24 10:00:03","High","Drivers are needed to be on stand-by","2012-09-26 10:00:03","2012-09-26 20:00:03","Joe Bloggs","Jeff Wayne","Frank Bone","Emerald Potter","Koreatown/Wilshire District Office","F","F","T",,,
"Summer 2012 Forest Fires","Laurel Canyon Brush Fire","Volunteer","LAUREL_CANYON*07_2012#05","2012-07-24 10:00:04","Medium","We need people to prepare and hand out refreshments","2012-09-26 10:00:04","2012-09-26 20:00:04","Joe Bloggs","Jeff Wayne","Frank Bone","Emerald Potter","Koreatown/Wilshire District Office","F","F","T",,,
"Summer 2012 Forest Fires","Laurel Canyon Brush Fire","Volunteer","LAUREL_CANYON*07_2012#06","2012-07-24 10:00:05","High","We need people to hand out information and welcome people","2012-09-26 10:00:05","2012-09-26 20:00:05","Joe Bloggs","Jeff Wayne","Frank Bone","Emerald Potter","Koreatown/Wilshire District Office","F","F","T",,,
"Summer 2012 Forest Fires","Laurel Canyon Brush Fire","Volunteer","LAUREL_CANYON*07_2012#07","2012-07-24 10:00:06","Low","We need people to take donations","2012-09-26 10:00:06","2012-09-26 20:00:06","Joe Bloggs","Jeff Wayne","Frank Bone","Iliana Hurley","Koreatown/Wilshire District Office","F","F","T",,,
"Summer 2012 Forest Fires","Laurel Canyon Brush Fire","Volunteer","LAUREL_CANYON*07_2012#08","2012-07-24 10:00:07","Medium","We need some posters to be designed","2012-09-26 10:00:07","2012-09-26 20:00:07","Joe Bloggs","Jeff Wayne","Frank Bone","Iliana Hurley","Koreatown/Wilshire District Office","F","F","T",,,
"Summer 2012 Forest Fires","Laurel Canyon Brush Fire","Volunteer","LAUREL_CANYON*07_2012#09","2012-07-24 10:00:08","Medium","We need some security guards","2012-09-26 10:00:08","2012-09-26 20:00:08","Joe Bloggs","Jeff Wayne","Frank Bone","Iliana Hurley","Koreatown/Wilshire District Office","F","F","T",,,
"Summer 2012 Forest Fires","Laurel Canyon Brush Fire","Volunteer","LAUREL_CANYON*07_2012#10","2012-07-24 10:00:09","Medium","We need people to help plan the event","2012-09-26 10:00:09","2012-09-26 20:00:09","Joe Bloggs","Jeff Wayne","Frank Bone","Iliana Hurley","Koreatown/Wilshire District Office","F","F","T",,,
"Summer 2012 Forest Fires","Laurel Canyon Brush Fire","Volunteer","LAUREL_CANYON*07_2012#11","2012-07-24 10:00:10","Medium","We need people to take photographs of the event","2012-09-26 10:00:10","2012-09-26 20:00:10","Joe Bloggs","Jeff Wayne","Frank Bone","Iliana Hurley","Koreatown/Wilshire District Office","F","F","T",,,
"Summer 2012 Forest Fires","Laurel Canyon Brush Fire","Volunteer","LAUREL_CANYON*07_2012#12","2012-07-24 10:00:11","Medium","We need people to write up a summary of the event","2012-09-27 10:00:11","2012-09-27 20:00:11","Joe Bloggs","Jeff Wayne","Frank Bone","Emerald Potter","Koreatown/Wilshire District Office","F","F","T",,,
"Summer 2012 Forest Fires","Laurel Canyon Brush Fire","Volunteer","LAUREL_CANYON*07_2012#13","2012-07-24 10:00:12","Medium","We need people to clear up afterward","2012-09-27 10:00:12","2012-09-27 20:00:12","Joe Bloggs","Jeff Wayne","Frank Bone","Emerald Potter","Koreatown/Wilshire District Office","F","F","T",,,
"Summer 2012 Forest Fires","Laurel Canyon Brush Fire","Volunteer","LAUREL_CANYON*07_2012#14","2012-07-24 10:00:13","Medium","We need people to man the telephones and answer queries","2012-09-27 10:00:13","2012-09-27 20:00:13","Joe Bloggs","Jeff Wayne","Frank Bone","Emerald Potter","Koreatown/Wilshire District Office","F","F","F",,,
