"Request Number","First Name","Last Name","Emergency Contact Name","Emergency Contact Relationship","Emergency Contact Phone"
"LAUREL_CANYON*07_2012#04","Jane","Doe","Wynne","Parent","3024587621"
"LAUREL_CANYON*07_2012#05","Jim","Jones","Audra","Parent","3034587621"
"LAUREL_CANYON*07_2012#05","Cecilia","Key","Jonas","Parent","3044587621"
"LAUREL_CANYON*07_2012#05","Wendy","Moses","Dennis","Parent","3054587621"
"LAUREL_CANYON*07_2012#05","Bethany","Poole","Harlan","Parent","3064587621"
"LAUREL_CANYON*07_2012#05","Odette","Combs","Allistair","Parent","3074587621"
"LAUREL_CANYON*07_2012#05","Mia","Rivera","Kirk","Parent","3084587621"
"LAUREL_CANYON*07_2012#06","Phyllis","Peck","Noble","Parent","3024587621"
"LAUREL_CANYON*07_2012#06","Maile","Strickland","Derek","Parent","3024587621"
"LAUREL_CANYON*07_2012#06","Martena","Richards","Wade","Parent","3024587621"
"LAUREL_CANYON*07_2012#06","Echo","Obrien","Marcia","Parent","3024587621"
"LAUREL_CANYON*07_2012#06","Sandra","Mckay","Wynter","Parent","3024587621"
"LAUREL_CANYON*07_2012#06","Willow","Owens","Kerry","Parent","3024587621"
"LAUREL_CANYON*07_2012#06","Wanda","Mullen","Ryder","Parent","3024587621"
"LAUREL_CANYON*07_2012#06","Alana","Ellison","Leo","Parent","3024587621"
"LAUREL_CANYON*07_2012#06","Pascale","Snow","Blake","Parent","3024587621"
"LAUREL_CANYON*07_2012#06","Josephine","Wallace","Kennedy","Parent","3024587621"
"LAUREL_CANYON*07_2012#07","Adrienne","Miller","Colby","Parent","3024587621"
"LAUREL_CANYON*07_2012#07","Natalie","Bates","Hu","Parent","3024587621"
"LAUREL_CANYON*07_2012#08","Constance","Moon","George","Parent","3024587621"
"LAUREL_CANYON*07_2012#09","Petra","Carrillo","Ashton","Parent","3024587621"
"LAUREL_CANYON*07_2012#09","Fiona","Reynolds","Otto","Parent","3024587621"
"LAUREL_CANYON*07_2012#09","Ivory","Avery","Baxter","Parent","3024587621"
"LAUREL_CANYON*07_2012#09","Marcia","Stokes","Colby","Parent","3024587621"
"LAUREL_CANYON*07_2012#09","Wynter","Miller","Nash","Parent","3024587621"
"LAUREL_CANYON*07_2012#09","Kerry","Harris","Josephine","Parent","3024587621"
"LAUREL_CANYON*07_2012#09","Tara","Stafford","Adrienne","Parent","3024587621"
"LAUREL_CANYON*07_2012#09","Vanna","Tucker","Jasmine","Parent","3024587621"
"LAUREL_CANYON*07_2012#10","Wendy","Moses","Hilda","Parent","3024587621"
"LAUREL_CANYON*07_2012#10","Lilah","Roth","Adena","Parent","3024587621"
"LAUREL_CANYON*07_2012#11","Britanney","Webb","Ora","Parent","3024587621"
"LAUREL_CANYON*07_2012#12","Elaine","Jacobson","Shelley","Parent","3024587621"
"LAUREL_CANYON*07_2012#13","Wynne","Justice","Iliana","Parent","3024587621"
"LAUREL_CANYON*07_2012#13","Audra","Morin","Hedda","Parent","3024587621"
"LAUREL_CANYON*07_2012#13","Jonas","Fernandez","Daryl","Parent","3024587621"
"LAUREL_CANYON*07_2012#13","Dennis","Farmer","Natalie","Parent","3024587621"
"LAUREL_CANYON*07_2012#13","Harlan","Mathis","Constance","Parent","3024587621"
"LAUREL_CANYON*07_2012#14","Allistair","Simon","Petra","Parent","3024587621"
"LAUREL_CANYON*07_2012#14","Baxter","Jarvis","Fiona","Parent","3024587621"
"LAUREL_CANYON*07_2012#14","Colby","Hall","Ivory","Parent","3024587621"
